﻿{"ClickEvent":{"ActivityCenterSwitch_2":"760+765+772+772+772","ActivityCenterTab_1020091906":"765","PersonSpaceHistory":"785+856","ActivityCenterTab_1020091926":"760","PersonSpaceDecoration":"838","PassAward":"701","PassMission":"696","ActivityCenterTab_1020091879":"772+772+772+772","ActivityCenterTab_1020091899":"767","ActivityCenterTab_1020091924":"763","PersonSpaceSegment":"783+858","PassBatchGetTaskAward":"697","PersonSpaceMain":"781+814+841+854+0","ActivityCenterTab_1020091922":"764","PersonSpaceRelation":"819","PersonSpaceCombat":"784+857"}}