﻿{"msgList":[{"sender_uid":"5558609922","msgChannel":4,"version":"2.1.0.16501","name":"MR〻HPFYT","send_time":1657732525,"uid":"51554043963","msg":"zQ771hrDihn7icaRigr74s3Nigf93g/QzsbC3x37ig7T","msgSendTime":"22:15","level":261,"zoneText":"Asia","msgSendDate":"2022/07/13","selfMsg":true,"roleNation":"PK","msgType":0},{"sender_uid":"5558609922","msgChannel":4,"version":"2.1.0.16501","name":"MR〻HPFYT","send_time":1657732533,"uid":"51554043963","msg":"pg/HzMbN2AmXi+vH1QDDmvWMm/WMosiJpGk6","msgSendTime":"","level":265,"zoneText":"Asia","msgSendDate":"2022/07/13","selfMsg":true,"roleNation":"PK","msgType":0}],"uid":"51554043963"}