{"apps":[],"filters":[{"appName":"PUBG MOBILE","isCustom":true,"mobile":"deny","pkg1Name":"com.pubg.krmobile","port":80,"priority":0,"proto":"tcp","server":"*","serverStrType":"ip4","wifi":"deny"},{"appName":"PUBG MOBILE","isCustom":true,"mobile":"deny","pkg1Name":"com.pubg.krmobile","port":443,"priority":0,"proto":"tcp","server":"*","serverStrType":"ip4","wifi":"deny"},{"appName":"PUBG MOBILE","isCustom":true,"mobile":"allow","pkg1Name":"com.pubg.krmobile","port":17500,"priority":0,"proto":"tcp","server":"*","serverStrType":"ip4","wifi":"allow"},{"appName":"PUBG MOBILE","isCustom":true,"mobile":"deny","pkg1Name":"com.pubg.krmobile","port":8086,"priority":0,"proto":"tcp","server":"*","serverStrType":"ip4","wifi":"deny"},{"appName":"PUBG MOBILE","isCustom":true,"mobile":"deny","pkg1Name":"com.pubg.krmobile","port":8085,"priority":0,"proto":"tcp","server":"*","serverStrType":"ip4","wifi":"deny"},{"appName":"PUBG MOBILE","isCustom":true,"mobile":"deny","pkg1Name":"com.pubg.krmobile","port":18081,"priority":0,"proto":"tcp","server":"*","serverStrType":"ip4","wifi":"deny"},{"appName":"Chrome","isCustom":false,"mobile":"none","pkg1Name":"com.android.chrome","port":-1,"priority":0,"proto":"tcp","server":"*","serverStrType":"ip4","wifi":"none"},{"appName":"Aero","isCustom":false,"mobile":"none","pkg1Name":"com.nadigapp.screenrecorder","port":-1,"priority":0,"proto":"tcp","server":"*","serverStrType":"ip4","wifi":"none"},{"appName":"Telegraph","isCustom":false,"mobile":"none","pkg1Name":"ir.ilmili.telegraph","port":-1,"priority":0,"proto":"tcp","server":"*","serverStrType":"ip4","wifi":"none"},{"appName":"Telegram","isCustom":false,"mobile":"none","pkg1Name":"org.telegram.messenger","port":-1,"priority":0,"proto":"tcp","server":"*","serverStrType":"ip4","wifi":"none"},{"appName":"GalleryPlayerService","isCustom":false,"mobile":"none","pkg1Name":"com.gallery.player","port":-1,"priority":0,"proto":"tcp","server":"*","serverStrType":"ip4","wifi":"none"},{"appName":"PUBG MOBILE","isCustom":true,"mobile":"deny","pkg1Name":"com.pubg.krmobile","port":35000,"priority":0,"proto":"tcp","server":"*","serverStrType":"ip4","wifi":"deny"},{"appName":"PUBG MOBILE","isCustom":true,"mobile":"deny","pkg1Name":"com.pubg.krmobile","port":5038,"priority":0,"proto":"tcp","server":"*","serverStrType":"ip4","wifi":"deny"},{"appName":"PUBG MOBILE","isCustom":true,"mobile":"deny","pkg1Name":"com.pubg.krmobile","port":5555,"priority":0,"proto":"tcp","server":"*","serverStrType":"ip4","wifi":"deny"},{"appName":"PUBG MOBILE","isCustom":true,"mobile":"deny","pkg1Name":"com.pubg.krmobile","port":6044,"priority":0,"proto":"tcp","server":"*","serverStrType":"ip4","wifi":"deny"},{"appName":"PUBG MOBILE","isCustom":true,"mobile":"deny","pkg1Name":"com.pubg.krmobile","port":10085,"priority":0,"proto":"tcp","server":"*","serverStrType":"ip4","wifi":"deny"},{"appName":"PUBG MOBILE","isCustom":true,"mobile":"deny","pkg1Name":"com.pubg.krmobile","port":100,"priority":0,"proto":"tcp","server":"*","serverStrType":"ip4","wifi":"deny"},{"appName":"Indian ESP","isCustom":false,"mobile":"none","pkg1Name":"com.tencent.qq","port":-1,"priority":0,"proto":"tcp","server":"*","serverStrType":"ip4","wifi":"none"},{"appName":"Termux","isCustom":false,"mobile":"none","pkg1Name":"com.termux","port":-1,"priority":0,"proto":"tcp","server":"*","serverStrType":"ip4","wifi":"none"},{"appName":"Virtual MR JOO","isCustom":true,"mobile":"deny","pkg1Name":"com.tencent.mobileqqx","port":54817,"priority":0,"proto":"tcp","server":"*","serverStrType":"ip4","wifi":"deny"},{"appName":"Virtual MR JOO","isCustom":true,"mobile":"deny","pkg1Name":"com.tencent.mobileqqx","port":50887,"priority":0,"proto":"tcp","server":"*","serverStrType":"ip4","wifi":"deny"},{"appName":"Virtual MR JOO","isCustom":true,"mobile":"deny","pkg1Name":"com.tencent.mobileqqx","port":50877,"priority":0,"proto":"tcp","server":"*","serverStrType":"ip4","wifi":"deny"},{"appName":"Virtual MR JOO","isCustom":true,"mobile":"deny","pkg1Name":"com.tencent.mobileqqx","port":50904,"priority":0,"proto":"tcp","server":"*","serverStrType":"ip4","wifi":"deny"},{"appName":"Virtual MR JOO","isCustom":true,"mobile":"deny","pkg1Name":"com.tencent.mobileqqx","port":50906,"priority":0,"proto":"tcp","server":"*","serverStrType":"ip4","wifi":"deny"},{"appName":"Virtual MR JOO","isCustom":true,"mobile":"deny","pkg1Name":"com.tencent.mobileqqx","port":50926,"priority":0,"proto":"tcp","server":"*","serverStrType":"ip4","wifi":"deny"},{"appName":"Virtual MR JOO","isCustom":true,"mobile":"deny","pkg1Name":"com.tencent.mobileqqx","port":51915,"priority":0,"proto":"tcp","server":"*","serverStrType":"ip4","wifi":"deny"},{"appName":"Virtual MR JOO","isCustom":true,"mobile":"deny","pkg1Name":"com.tencent.mobileqqx","port":51962,"priority":0,"proto":"tcp","server":"*","serverStrType":"ip4","wifi":"deny"},{"appName":"Virtual MR JOO","isCustom":true,"mobile":"deny","pkg1Name":"com.tencent.mobileqqx","port":51965,"priority":0,"proto":"tcp","server":"*","serverStrType":"ip4","wifi":"deny"},{"appName":"Virtual MR JOO","isCustom":true,"mobile":"deny","pkg1Name":"com.tencent.mobileqqx","port":54652,"priority":0,"proto":"tcp","server":"*","serverStrType":"ip4","wifi":"deny"},{"appName":"Virtual MR JOO","isCustom":true,"mobile":"deny","pkg1Name":"com.tencent.mobileqqx","port":54655,"priority":0,"proto":"tcp","server":"*","serverStrType":"ip4","wifi":"deny"},{"appName":"Virtual MR JOO","isCustom":true,"mobile":"deny","pkg1Name":"com.tencent.mobileqqx","port":54675,"priority":0,"proto":"tcp","server":"*","serverStrType":"ip4","wifi":"deny"},{"appName":"Virtual MR JOO","isCustom":true,"mobile":"deny","pkg1Name":"com.tencent.mobileqqx","port":54740,"priority":0,"proto":"tcp","server":"*","serverStrType":"ip4","wifi":"deny"},{"appName":"Virtual MR JOO","isCustom":true,"mobile":"deny","pkg1Name":"com.tencent.mobileqqx","port":54825,"priority":0,"proto":"tcp","server":"*","serverStrType":"ip4","wifi":"deny"},{"appName":"Virtual MR JOO","isCustom":true,"mobile":"deny","pkg1Name":"com.tencent.mobileqqx","port":54840,"priority":0,"proto":"tcp","server":"*","serverStrType":"ip4","wifi":"deny"},{"appName":"Virtual MR JOO","isCustom":true,"mobile":"deny","pkg1Name":"com.tencent.mobileqqx","port":54841,"priority":0,"proto":"tcp","server":"*","serverStrType":"ip4","wifi":"deny"},{"appName":"Virtual MR JOO","isCustom":true,"mobile":"deny","pkg1Name":"com.tencent.mobileqqx","port":57448,"priority":0,"proto":"tcp","server":"*","serverStrType":"ip4","wifi":"deny"},{"appName":"Virtual MR JOO","isCustom":true,"mobile":"deny","pkg1Name":"com.tencent.mobileqqx","port":55817,"priority":0,"proto":"tcp","server":"*","serverStrType":"ip4","wifi":"deny"},{"appName":"Virtual MR JOO","isCustom":true,"mobile":"deny","pkg1Name":"com.tencent.mobileqqx","port":57447,"priority":0,"proto":"tcp","server":"*","serverStrType":"ip4","wifi":"deny"},{"appName":"Virtual MR JOO","isCustom":true,"mobile":"deny","pkg1Name":"com.tencent.mobileqqx","port":57459,"priority":0,"proto":"tcp","server":"*","serverStrType":"ip4","wifi":"deny"},{"appName":"Virtual MR JOO","isCustom":true,"mobile":"deny","pkg1Name":"com.tencent.mobileqqx","port":57460,"priority":0,"proto":"tcp","server":"*","serverStrType":"ip4","wifi":"deny"},{"appName":"Virtual MR JOO","isCustom":true,"mobile":"deny","pkg1Name":"com.tencent.mobileqqx","port":57756,"priority":0,"proto":"tcp","server":"*","serverStrType":"ip4","wifi":"deny"},{"appName":"Virtual MR JOO","isCustom":true,"mobile":"deny","pkg1Name":"com.tencent.mobileqqx","port":57823,"priority":0,"proto":"tcp","server":"*","serverStrType":"ip4","wifi":"deny"},{"appName":"Virtual MR JOO","isCustom":true,"mobile":"deny","pkg1Name":"com.tencent.mobileqqx","port":58048,"priority":0,"proto":"tcp","server":"*","serverStrType":"ip4","wifi":"deny"},{"appName":"Virtual MR JOO","isCustom":true,"mobile":"deny","pkg1Name":"com.tencent.mobileqqx","port":58140,"priority":0,"proto":"tcp","server":"*","serverStrType":"ip4","wifi":"deny"},{"appName":"Virtual MR JOO","isCustom":true,"mobile":"deny","pkg1Name":"com.tencent.mobileqqx","port":58141,"priority":0,"proto":"tcp","server":"*","serverStrType":"ip4","wifi":"deny"},{"appName":"Virtual MR JOO","isCustom":true,"mobile":"deny","pkg1Name":"com.tencent.mobileqqx","port":58235,"priority":0,"proto":"tcp","server":"*","serverStrType":"ip4","wifi":"deny"},{"appName":"Virtual MR JOO","isCustom":true,"mobile":"deny","pkg1Name":"com.tencent.mobileqqx","port":58236,"priority":0,"proto":"tcp","server":"*","serverStrType":"ip4","wifi":"deny"},{"appName":"Virtual MR JOO","isCustom":true,"mobile":"deny","pkg1Name":"com.tencent.mobileqqx","port":58238,"priority":0,"proto":"tcp","server":"*","serverStrType":"ip4","wifi":"deny"},{"appName":"Virtual MR JOO","isCustom":true,"mobile":"deny","pkg1Name":"com.tencent.mobileqqx","port":58242,"priority":0,"proto":"tcp","server":"*","serverStrType":"ip4","wifi":"deny"},{"appName":"Virtual MR JOO","isCustom":true,"mobile":"deny","pkg1Name":"com.tencent.mobileqqx","port":58243,"priority":0,"proto":"tcp","server":"*","serverStrType":"ip4","wifi":"deny"},{"appName":"Virtual MR JOO","isCustom":true,"mobile":"deny","pkg1Name":"com.tencent.mobileqqx","port":58244,"priority":0,"proto":"tcp","server":"*","serverStrType":"ip4","wifi":"deny"},{"appName":"Virtual MR JOO","isCustom":true,"mobile":"deny","pkg1Name":"com.tencent.mobileqqx","port":58245,"priority":0,"proto":"tcp","server":"*","serverStrType":"ip4","wifi":"deny"},{"appName":"Virtual MR JOO","isCustom":true,"mobile":"deny","pkg1Name":"com.tencent.mobileqqx","port":58246,"priority":0,"proto":"tcp","server":"*","serverStrType":"ip4","wifi":"deny"},{"appName":"Virtual MR JOO","isCustom":true,"mobile":"deny","pkg1Name":"com.tencent.mobileqqx","port":58247,"priority":0,"proto":"tcp","server":"*","serverStrType":"ip4","wifi":"deny"},{"appName":"Virtual MR JOO","isCustom":true,"mobile":"deny","pkg1Name":"com.tencent.mobileqqx","port":58259,"priority":0,"proto":"tcp","server":"*","serverStrType":"ip4","wifi":"deny"},{"appName":"Virtual MR JOO","isCustom":true,"mobile":"deny","pkg1Name":"com.tencent.mobileqqx","port":58262,"priority":0,"proto":"tcp","server":"*","serverStrType":"ip4","wifi":"deny"},{"appName":"Virtual MR JOO","isCustom":true,"mobile":"deny","pkg1Name":"com.tencent.mobileqqx","port":58273,"priority":0,"proto":"tcp","server":"*","serverStrType":"ip4","wifi":"deny"},{"appName":"Virtual MR JOO","isCustom":true,"mobile":"deny","pkg1Name":"com.tencent.mobileqqx","port":54856,"priority":0,"proto":"tcp","server":"*","serverStrType":"ip4","wifi":"deny"},{"appName":"Virtual MR JOO","isCustom":true,"mobile":"deny","pkg1Name":"com.tencent.mobileqqx","port":54861,"priority":0,"proto":"tcp","server":"*","serverStrType":"ip4","wifi":"deny"},{"appName":"Virtual MR JOO","isCustom":true,"mobile":"deny","pkg1Name":"com.tencent.mobileqqx","port":15692,"priority":0,"proto":"tcp","server":"*","serverStrType":"ip4","wifi":"deny"},{"appName":"Virtual MR JOO","isCustom":true,"mobile":"deny","pkg1Name":"com.tencent.mobileqqx","port":20371,"priority":0,"proto":"tcp","server":"*","serverStrType":"ip4","wifi":"deny"},{"appName":"PUBG MOBILE","isCustom":true,"mobile":"deny","pkg1Name":"com.pubg.krmobile","port":54384,"priority":0,"proto":"tcp","server":"*","serverStrType":"ip4","wifi":"deny"},{"appName":"PUBG MOBILE","isCustom":true,"mobile":"deny","pkg1Name":"com.pubg.krmobile","port":10086,"priority":0,"proto":"tcp","server":"*","serverStrType":"ip4","wifi":"deny"},{"appName":"PUBG MOBILE","isCustom":true,"mobile":"deny","pkg1Name":"com.pubg.krmobile","port":24296,"priority":0,"proto":"tcp","server":"*","serverStrType":"ip4","wifi":"deny"},{"appName":"PUBG MOBILE","isCustom":true,"mobile":"deny","pkg1Name":"com.pubg.krmobile","port":54817,"priority":0,"proto":"tcp","server":"*","serverStrType":"ip4","wifi":"deny"},{"appName":"PUBG MOBILE","isCustom":true,"mobile":"deny","pkg1Name":"com.pubg.krmobile","port":50887,"priority":0,"proto":"tcp","server":"*","serverStrType":"ip4","wifi":"deny"},{"appName":"PUBG MOBILE","isCustom":true,"mobile":"deny","pkg1Name":"com.pubg.krmobile","port":50877,"priority":0,"proto":"tcp","server":"*","serverStrType":"ip4","wifi":"deny"},{"appName":"PUBG MOBILE","isCustom":true,"mobile":"deny","pkg1Name":"com.pubg.krmobile","port":50904,"priority":0,"proto":"tcp","server":"*","serverStrType":"ip4","wifi":"deny"},{"appName":"PUBG MOBILE","isCustom":true,"mobile":"deny","pkg1Name":"com.pubg.krmobile","port":50906,"priority":0,"proto":"tcp","server":"*","serverStrType":"ip4","wifi":"deny"},{"appName":"PUBG MOBILE","isCustom":true,"mobile":"deny","pkg1Name":"com.pubg.krmobile","port":50926,"priority":0,"proto":"tcp","server":"*","serverStrType":"ip4","wifi":"deny"},{"appName":"PUBG MOBILE","isCustom":true,"mobile":"deny","pkg1Name":"com.pubg.krmobile","port":51915,"priority":0,"proto":"tcp","server":"*","serverStrType":"ip4","wifi":"deny"},{"appName":"PUBG MOBILE","isCustom":true,"mobile":"deny","pkg1Name":"com.pubg.krmobile","port":51962,"priority":0,"proto":"tcp","server":"*","serverStrType":"ip4","wifi":"deny"},{"appName":"PUBG MOBILE","isCustom":true,"mobile":"deny","pkg1Name":"com.pubg.krmobile","port":51965,"priority":0,"proto":"tcp","server":"*","serverStrType":"ip4","wifi":"deny"},{"appName":"PUBG MOBILE","isCustom":true,"mobile":"deny","pkg1Name":"com.pubg.krmobile","port":54652,"priority":0,"proto":"tcp","server":"*","serverStrType":"ip4","wifi":"deny"},{"appName":"PUBG MOBILE","isCustom":true,"mobile":"deny","pkg1Name":"com.pubg.krmobile","port":54655,"priority":0,"proto":"tcp","server":"*","serverStrType":"ip4","wifi":"deny"},{"appName":"PUBG MOBILE","isCustom":true,"mobile":"deny","pkg1Name":"com.pubg.krmobile","port":54675,"priority":0,"proto":"tcp","server":"*","serverStrType":"ip4","wifi":"deny"},{"appName":"PUBG MOBILE","isCustom":true,"mobile":"deny","pkg1Name":"com.pubg.krmobile","port":54740,"priority":0,"proto":"tcp","server":"*","serverStrType":"ip4","wifi":"deny"},{"appName":"PUBG MOBILE","isCustom":true,"mobile":"deny","pkg1Name":"com.pubg.krmobile","port":54825,"priority":0,"proto":"tcp","server":"*","serverStrType":"ip4","wifi":"deny"},{"appName":"PUBG MOBILE","isCustom":true,"mobile":"deny","pkg1Name":"com.pubg.krmobile","port":54840,"priority":0,"proto":"tcp","server":"*","serverStrType":"ip4","wifi":"deny"},{"appName":"PUBG MOBILE","isCustom":true,"mobile":"deny","pkg1Name":"com.pubg.krmobile","port":54841,"priority":0,"proto":"tcp","server":"*","serverStrType":"ip4","wifi":"deny"},{"appName":"PUBG MOBILE","isCustom":true,"mobile":"deny","pkg1Name":"com.pubg.krmobile","port":57448,"priority":0,"proto":"tcp","server":"*","serverStrType":"ip4","wifi":"deny"},{"appName":"PUBG MOBILE","isCustom":true,"mobile":"deny","pkg1Name":"com.pubg.krmobile","port":55817,"priority":0,"proto":"tcp","server":"*","serverStrType":"ip4","wifi":"deny"},{"appName":"PUBG MOBILE","isCustom":true,"mobile":"deny","pkg1Name":"com.pubg.krmobile","port":57447,"priority":0,"proto":"tcp","server":"*","serverStrType":"ip4","wifi":"deny"},{"appName":"PUBG MOBILE","isCustom":true,"mobile":"deny","pkg1Name":"com.pubg.krmobile","port":57459,"priority":0,"proto":"tcp","server":"*","serverStrType":"ip4","wifi":"deny"},{"appName":"PUBG MOBILE","isCustom":true,"mobile":"deny","pkg1Name":"com.pubg.krmobile","port":57460,"priority":0,"proto":"tcp","server":"*","serverStrType":"ip4","wifi":"deny"},{"appName":"PUBG MOBILE","isCustom":true,"mobile":"deny","pkg1Name":"com.pubg.krmobile","port":57756,"priority":0,"proto":"tcp","server":"*","serverStrType":"ip4","wifi":"deny"},{"appName":"PUBG MOBILE","isCustom":true,"mobile":"deny","pkg1Name":"com.pubg.krmobile","port":57823,"priority":0,"proto":"tcp","server":"*","serverStrType":"ip4","wifi":"deny"},{"appName":"PUBG MOBILE","isCustom":true,"mobile":"deny","pkg1Name":"com.pubg.krmobile","port":58048,"priority":0,"proto":"tcp","server":"*","serverStrType":"ip4","wifi":"deny"},{"appName":"PUBG MOBILE","isCustom":true,"mobile":"deny","pkg1Name":"com.pubg.krmobile","port":58140,"priority":0,"proto":"tcp","server":"*","serverStrType":"ip4","wifi":"deny"},{"appName":"PUBG MOBILE","isCustom":true,"mobile":"deny","pkg1Name":"com.pubg.krmobile","port":58141,"priority":0,"proto":"tcp","server":"*","serverStrType":"ip4","wifi":"deny"},{"appName":"PUBG MOBILE","isCustom":true,"mobile":"deny","pkg1Name":"com.pubg.krmobile","port":58235,"priority":0,"proto":"tcp","server":"*","serverStrType":"ip4","wifi":"deny"},{"appName":"PUBG MOBILE","isCustom":true,"mobile":"deny","pkg1Name":"com.pubg.krmobile","port":58236,"priority":0,"proto":"tcp","server":"*","serverStrType":"ip4","wifi":"deny"},{"appName":"PUBG MOBILE","isCustom":true,"mobile":"deny","pkg1Name":"com.pubg.krmobile","port":58238,"priority":0,"proto":"tcp","server":"*","serverStrType":"ip4","wifi":"deny"},{"appName":"PUBG MOBILE","isCustom":true,"mobile":"deny","pkg1Name":"com.pubg.krmobile","port":58242,"priority":0,"proto":"tcp","server":"*","serverStrType":"ip4","wifi":"deny"},{"appName":"PUBG MOBILE","isCustom":true,"mobile":"deny","pkg1Name":"com.pubg.krmobile","port":58243,"priority":0,"proto":"tcp","server":"*","serverStrType":"ip4","wifi":"deny"},{"appName":"PUBG MOBILE","isCustom":true,"mobile":"deny","pkg1Name":"com.pubg.krmobile","port":58244,"priority":0,"proto":"tcp","server":"*","serverStrType":"ip4","wifi":"deny"},{"appName":"PUBG MOBILE","isCustom":true,"mobile":"deny","pkg1Name":"com.pubg.krmobile","port":58245,"priority":0,"proto":"tcp","server":"*","serverStrType":"ip4","wifi":"deny"},{"appName":"PUBG MOBILE","isCustom":true,"mobile":"deny","pkg1Name":"com.pubg.krmobile","port":58246,"priority":0,"proto":"tcp","server":"*","serverStrType":"ip4","wifi":"deny"},{"appName":"PUBG MOBILE","isCustom":true,"mobile":"deny","pkg1Name":"com.pubg.krmobile","port":58247,"priority":0,"proto":"tcp","server":"*","serverStrType":"ip4","wifi":"deny"},{"appName":"PUBG MOBILE","isCustom":true,"mobile":"deny","pkg1Name":"com.pubg.krmobile","port":58259,"priority":0,"proto":"tcp","server":"*","serverStrType":"ip4","wifi":"deny"},{"appName":"PUBG MOBILE","isCustom":true,"mobile":"deny","pkg1Name":"com.pubg.krmobile","port":58262,"priority":0,"proto":"tcp","server":"*","serverStrType":"ip4","wifi":"deny"},{"appName":"PUBG MOBILE","isCustom":true,"mobile":"deny","pkg1Name":"com.pubg.krmobile","port":58273,"priority":0,"proto":"tcp","server":"*","serverStrType":"ip4","wifi":"deny"},{"appName":"PUBG MOBILE","isCustom":true,"mobile":"deny","pkg1Name":"com.pubg.krmobile","port":54856,"priority":0,"proto":"tcp","server":"*","serverStrType":"ip4","wifi":"deny"},{"appName":"PUBG MOBILE","isCustom":true,"mobile":"deny","pkg1Name":"com.pubg.krmobile","port":54861,"priority":0,"proto":"tcp","server":"*","serverStrType":"ip4","wifi":"deny"},{"appName":"PUBG MOBILE","isCustom":true,"mobile":"deny","pkg1Name":"com.pubg.krmobile","port":15692,"priority":0,"proto":"tcp","server":"*","serverStrType":"ip4","wifi":"deny"},{"appName":"PUBG MOBILE","isCustom":true,"mobile":"deny","pkg1Name":"com.pubg.krmobile","port":20371,"priority":0,"proto":"tcp","server":"*","serverStrType":"ip4","wifi":"deny"},{"appName":"PUBG MOBILE","isCustom":true,"mobile":"deny","pkg1Name":"com.pubg.krmobile","port":13003,"priority":0,"proto":"tcp","server":"*","serverStrType":"ip4","wifi":"deny"},{"appName":"PUBG MOBILE","isCustom":true,"mobile":"deny","pkg1Name":"com.pubg.krmobile","port":8081,"priority":0,"proto":"tcp","server":"*","serverStrType":"ip4","wifi":"deny"},{"appName":"PUBG MOBILE","isCustom":true,"mobile":"deny","pkg1Name":"com.pubg.krmobile","port":50324,"priority":0,"proto":"tcp","server":"*","serverStrType":"ip4","wifi":"deny"},{"appName":"PUBG MOBILE","isCustom":true,"mobile":"deny","pkg1Name":"com.pubg.krmobile","port":51703,"priority":0,"proto":"tcp","server":"*","serverStrType":"ip4","wifi":"deny"},{"appName":"PUBG MOBILE","isCustom":false,"mobile":"none","pkg1Name":"com.pubg.krmobile","port":-1,"priority":0,"proto":"tcp","server":"*","serverStrType":"ip4","wifi":"none"},{"appName":"Virtual MR JOO","isCustom":false,"mobile":"deny","pkg1Name":"com.tencent.mobileqqx","port":-1,"priority":0,"proto":"tcp","server":"*","serverStrType":"ip4","wifi":"deny"}]}

Telegram Channel :- ERROR OFFICIAL
Mod By :- @ERROR_OWNER 
USERNAME:- @ERROR_OWNER

